Name,D,U,Article Recommendations
Brian,,,"<a href=""http://palmer.com/""  target=""_blank"">http://palmer.com/</a>"
Hannah,"<a href=""https://www.rodriguez.com/""  target=""_blank"">todriguez</a>",,"<a href=""http://allen.info/""  target=""_blank"">http://allen.info/</a><a href=""https://www.davidson-whitehead.com/""  target=""_blank"">https://www.davidson-whitehead.com/</a><a href=""https://www.henderson.com/""  target=""_blank"">https://www.henderson.com/</a>"
Jack,,,"<a href=""https://gallegos.info/""  target=""_blank"">https://gallegos.info/</a>"
Brandi,,,"<a href=""http://baldwin.info/""  target=""_blank"">http://baldwin.info/</a>"
Sarah,,"<a href=""https://jones.com/""  target=""_blank"">JONES</a>","<a href=""https://berry-taylor.biz/""  target=""_blank"">https://berry-taylor.biz/</a><a href=""http://www.brown-coleman.com/""  target=""_blank"">http://www.brown-coleman.com/</a><a href=""https://www.henderson.com/""  target=""_blank"">https://www.henderson.com/</a>"
Latasha,,,"<a href=""https://taylor.com/""  target=""_blank"">https://taylor.com/</a>"
Gregory,,,"<a href=""http://www.howell.com/""  target=""_blank"">http://www.howell.com/</a>"
Ashley,"<a href=""https://www.rodriguez.com/""  target=""_blank"">todriguez</a>",,"<a href=""http://www.thompson.com/""  target=""_blank"">http://www.thompson.com/</a>"
Cody,,,"<a href=""https://martin-morris.net/""  target=""_blank"">https://martin-morris.net/</a>"
Jillian,,,"<a href=""https://jones.com/""  target=""_blank"">https://jones.com/</a>"
Joseph,,,"<a href=""https://www.smith.net/""  target=""_blank"">https://www.smith.net/</a>"
James,,,"<a href=""http://smith.com/""  target=""_blank"">http://smith.com/</a>"
Robert,"<a href=""https://www.rodriguez.com/""  target=""_blank"">todriguez</a><a href=""http://hayden.com/""  target=""_blank"">hayden</a><a href=""http://scott-cooper.info/""  target=""_blank"">cooper</a>",,"<a href=""https://castaneda.biz/""  target=""_blank"">https://castaneda.biz/</a>"
Priscilla,,,"<a href=""https://www.henderson.com/""  target=""_blank"">https://www.henderson.com/</a>"
Dana,,"<a href=""https://jones.com/""  target=""_blank"">JONES</a>","<a href=""http://www.gomez-branch.com/""  target=""_blank"">http://www.gomez-branch.com/</a>"
Jennifer,"<a href=""http://scott-cooper.info/""  target=""_blank"">cooper</a>",,"<a href=""http://hutchinson.com/""  target=""_blank"">http://hutchinson.com/</a>"
Traci,,,"<a href=""http://www.brown-coleman.com/""  target=""_blank"">http://www.brown-coleman.com/</a>"
Joseph,"<a href=""https://www.rodriguez.com/""  target=""_blank"">todriguez</a>",,"<a href=""https://www.weeks.com/""  target=""_blank"">https://www.weeks.com/</a>"
Linda,,,"<a href=""http://scott-cooper.info/""  target=""_blank"">http://scott-cooper.info/</a>"
Kristen,,,"<a href=""http://www.dean.com/""  target=""_blank"">http://www.dean.com/</a>"
Samuel,"<a href=""https://www.rodriguez.com/""  target=""_blank"">todriguez</a>",,"<a href=""http://www.hancock.info/""  target=""_blank"">http://www.hancock.info/</a>"
Beth,,,"<a href=""https://tran.com/""  target=""_blank"">https://tran.com/</a>"
Lori,,,"<a href=""https://www.rodriguez.com/""  target=""_blank"">https://www.rodriguez.com/</a><a href=""http://www.brown-coleman.com/""  target=""_blank"">http://www.brown-coleman.com/</a><a href=""http://www.nielsen.com/""  target=""_blank"">http://www.nielsen.com/</a><a href=""https://woodward.com/""  target=""_blank"">https://woodward.com/</a>"
Matthew,"<a href=""https://www.rodriguez.com/""  target=""_blank"">todriguez</a><a href=""http://www.acosta.com/""  target=""_blank"">acosta</a><a href=""http://hayden.com/""  target=""_blank"">hayden</a><a href=""http://scott-cooper.info/""  target=""_blank"">cooper</a>",,"<a href=""http://brown-cook.net/""  target=""_blank"">http://brown-cook.net/</a>"
Chelsea,,,"<a href=""https://foster-chavez.com/""  target=""_blank"">https://foster-chavez.com/</a>"
Wanda,,,"<a href=""https://woodward.com/""  target=""_blank"">https://woodward.com/</a>"
Michael,,,"<a href=""https://www.gonzalez.com/""  target=""_blank"">https://www.gonzalez.com/</a>"
Jonathan,"<a href=""http://www.acosta.com/""  target=""_blank"">acosta</a>",,"<a href=""https://avery-hill.com/""  target=""_blank"">https://avery-hill.com/</a>"
Michael,,,"<a href=""http://www.logan.org/""  target=""_blank"">http://www.logan.org/</a>"
Joseph,,,"<a href=""http://hamilton-bennett.biz/""  target=""_blank"">http://hamilton-bennett.biz/</a>"
Daniel,"<a href=""https://www.rodriguez.com/""  target=""_blank"">todriguez</a>",,"<a href=""https://www.anderson-becker.com/""  target=""_blank"">https://www.anderson-becker.com/</a>"
Michael,,,"<a href=""http://green.com/""  target=""_blank"">http://green.com/</a>"
Daniel,,,"<a href=""https://www.davidson-whitehead.com/""  target=""_blank"">https://www.davidson-whitehead.com/</a>"
Frank,"<a href=""https://www.rodriguez.com/""  target=""_blank"">todriguez</a><a href=""http://www.acosta.com/""  target=""_blank"">acosta</a>","<a href=""http://www.brown.com/""  target=""_blank"">BROWN</a>","<a href=""https://brown-wallace.com/""  target=""_blank"">https://brown-wallace.com/</a>"
Joan,,,"<a href=""http://www.brown.biz/""  target=""_blank"">http://www.brown.biz/</a>"
Charles,,"<a href=""https://jones.com/""  target=""_blank"">JONES</a>","<a href=""https://www.cox.com/""  target=""_blank"">https://www.cox.com/</a><a href=""https://www.henderson.com/""  target=""_blank"">https://www.henderson.com/</a>"
Teresa,"<a href=""https://www.rodriguez.com/""  target=""_blank"">todriguez</a>",,"<a href=""http://www.matthews.com/""  target=""_blank"">http://www.matthews.com/</a>"
Henry,,,"<a href=""http://www.nielsen.com/""  target=""_blank"">http://www.nielsen.com/</a>"
Mark,"<a href=""https://www.rodriguez.com/""  target=""_blank"">todriguez</a><a href=""http://www.acosta.com/""  target=""_blank"">acosta</a>",,"<a href=""http://www.mckee-santiago.com/""  target=""_blank"">http://www.mckee-santiago.com/</a>"
Cheryl,,,"<a href=""http://www.acosta.com/""  target=""_blank"">http://www.acosta.com/</a>"
Benjamin,,,"<a href=""https://ray.net/""  target=""_blank"">https://ray.net/</a><a href=""https://www.davidson-whitehead.com/""  target=""_blank"">https://www.davidson-whitehead.com/</a>"
Ashley,,,"<a href=""https://www.hill-smith.com/""  target=""_blank"">https://www.hill-smith.com/</a>"
Katrina,"<a href=""http://hayden.com/""  target=""_blank"">hayden</a>",,"<a href=""http://www.turner-price.com/""  target=""_blank"">http://www.turner-price.com/</a>"
Angelica,,,"<a href=""http://mooney.com/""  target=""_blank"">http://mooney.com/</a>"
Kimberly,"<a href=""http://hayden.com/""  target=""_blank"">hayden</a>","<a href=""http://www.brown.com/""  target=""_blank"">BROWN</a>","<a href=""http://www.black.info/""  target=""_blank"">http://www.black.info/</a>"
Ryan,,,"<a href=""http://www.martinez-cisneros.net/""  target=""_blank"">http://www.martinez-cisneros.net/</a>"
Dawn,,"<a href=""http://www.brown.com/""  target=""_blank"">BROWN</a>","<a href=""http://www.brown.com/""  target=""_blank"">http://www.brown.com/</a>"
David,"<a href=""http://www.acosta.com/""  target=""_blank"">acosta</a>",,"<a href=""https://martinez.com/""  target=""_blank"">https://martinez.com/</a>"
Kathleen,,,"<a href=""https://morris.com/""  target=""_blank"">https://morris.com/</a>"
Victoria,,,"<a href=""https://hoover.com/""  target=""_blank"">https://hoover.com/</a>"
Alec,"<a href=""http://www.acosta.com/""  target=""_blank"">acosta</a>",,"<a href=""http://barker.org/""  target=""_blank"">http://barker.org/</a>"
Michael,,,"<a href=""http://hayden.com/""  target=""_blank"">http://hayden.com/</a>"
Colleen,,,"<a href=""http://roberson-hubbard.org/""  target=""_blank"">http://roberson-hubbard.org/</a>"
Mary,"<a href=""http://www.acosta.com/""  target=""_blank"">acosta</a>","<a href=""https://jones.com/""  target=""_blank"">JONES</a>","<a href=""http://www.white-gonzales.com/""  target=""_blank"">http://www.white-gonzales.com/</a>"
Austin,,,"<a href=""http://henderson-farmer.com/""  target=""_blank"">http://henderson-farmer.com/</a>"
Shelby,"<a href=""http://hayden.com/""  target=""_blank"">hayden</a>",,"<a href=""https://johnson.com/""  target=""_blank"">https://johnson.com/</a>"
Nathan,"<a href=""http://www.acosta.com/""  target=""_blank"">acosta</a>",,"<a href=""http://knapp-wong.org/""  target=""_blank"">http://knapp-wong.org/</a>"
Scott,,,"<a href=""https://newman-fuller.biz/""  target=""_blank"">https://newman-fuller.biz/</a>"
Elizabeth,,,"<a href=""https://www.king.net/""  target=""_blank"">https://www.king.net/</a>"
Mike,,,"<a href=""https://www.gonzalez-ryan.org/""  target=""_blank"">https://www.gonzalez-ryan.org/</a>"
Daniel,"<a href=""http://www.acosta.com/""  target=""_blank"">acosta</a>",,"<a href=""https://parker-dodson.biz/""  target=""_blank"">https://parker-dodson.biz/</a>"
Paige,,,"<a href=""http://evans.com/""  target=""_blank"">http://evans.com/</a>"
Jason,,,"<a href=""https://zimmerman.com/""  target=""_blank"">https://zimmerman.com/</a>"
Dustin,,,"<a href=""http://kirk-mann.com/""  target=""_blank"">http://kirk-mann.com/</a>"
Randall,,,"<a href=""http://www.key-king.com/""  target=""_blank"">http://www.key-king.com/</a>"
Joanne,,,"<a href=""http://www.martinez.com/""  target=""_blank"">http://www.martinez.com/</a>"
Amanda,,,"<a href=""http://thompson.com/""  target=""_blank"">http://thompson.com/</a>"
Crystal,,,"<a href=""https://thompson.com/""  target=""_blank"">https://thompson.com/</a>"
Mary,,,"<a href=""http://estrada-schmitt.com/""  target=""_blank"">http://estrada-schmitt.com/</a>"
Natalie,,,"<a href=""http://hall.com/""  target=""_blank"">http://hall.com/</a>"
Leah,,,"<a href=""http://www.rose.net/""  target=""_blank"">http://www.rose.net/</a>"
Amanda,"<a href=""http://hayden.com/""  target=""_blank"">hayden</a>",,"<a href=""https://gordon.org/""  target=""_blank"">https://gordon.org/</a>"
Mark,,,"<a href=""http://bailey-rodriguez.org/""  target=""_blank"">http://bailey-rodriguez.org/</a>"
Michael,,,"<a href=""https://www.patterson-frank.com/""  target=""_blank"">https://www.patterson-frank.com/</a>"
Jessica,,,"<a href=""http://www.aguilar.net/""  target=""_blank"">http://www.aguilar.net/</a>"
Lori,,,"<a href=""http://www.watts.info/""  target=""_blank"">http://www.watts.info/</a>"
Charles,"<a href=""http://hayden.com/""  target=""_blank"">hayden</a>",,"<a href=""https://www.hansen.com/""  target=""_blank"">https://www.hansen.com/</a>"
Richard,,,"<a href=""https://www.cervantes.com/""  target=""_blank"">https://www.cervantes.com/</a>"
Joseph,,,"<a href=""https://roberts.com/""  target=""_blank"">https://roberts.com/</a>"
Keith,,,"<a href=""http://ross.com/""  target=""_blank"">http://ross.com/</a>"
Sandra,,,"<a href=""http://lawrence.info/""  target=""_blank"">http://lawrence.info/</a>"
Mark,,,"<a href=""http://young-clark.net/""  target=""_blank"">http://young-clark.net/</a>"
Jonathan,,,"<a href=""http://www.blanchard.biz/""  target=""_blank"">http://www.blanchard.biz/</a>"
Katherine,,,"<a href=""https://www.alexander-jones.com/""  target=""_blank"">https://www.alexander-jones.com/</a>"
James,,,"<a href=""http://peterson.biz/""  target=""_blank"">http://peterson.biz/</a>"
Cindy,,,"<a href=""https://www.murray.info/""  target=""_blank"">https://www.murray.info/</a>"
Michael,,,"<a href=""http://www.price.info/""  target=""_blank"">http://www.price.info/</a>"
Kimberly,,,"<a href=""https://lopez.com/""  target=""_blank"">https://lopez.com/</a>"
Heather,,,"<a href=""http://delgado-perez.info/""  target=""_blank"">http://delgado-perez.info/</a>"
Tyler,,,"<a href=""https://mitchell.com/""  target=""_blank"">https://mitchell.com/</a>"
Kyle,,,"<a href=""http://alexander.com/""  target=""_blank"">http://alexander.com/</a>"
Stephanie,,,"<a href=""http://www.larsen-baker.info/""  target=""_blank"">http://www.larsen-baker.info/</a>"
Tamara,,,"<a href=""http://www.white-rivera.com/""  target=""_blank"">http://www.white-rivera.com/</a>"
Jessica,,,"<a href=""http://www.coffey.net/""  target=""_blank"">http://www.coffey.net/</a>"
Victoria,,,"<a href=""http://www.campbell-perry.com/""  target=""_blank"">http://www.campbell-perry.com/</a>"
